날짜,매장,요일,총주문,매장주문,배달주문,대게kg,킹크랩kg,랍스타kg,주류매출,매장매출,배달매출,포장매출,현금매출,총매출,총kg,객단가,원본시트,중복
2025-08-01,안양점,금,14,14,,21.9,12.2,1.5,72000,3276800,,,0,3276800,35.6,234057,샘플,
2025-08-02,안양점,토,18,18,,28.0,15.9,5.1,91000,4934500,,,0,4934500,49.0,274139,샘플,
2025-08-03,안양점,일,15,15,,29.8,13.3,2.5,67000,4166100,,82500,0,4248600,45.6,283240,샘플,
2025-08-04,안양점,월,10,10,,20.1,9.1,1.5,52000,2672200,,,0,2672200,30.7,267220,샘플,
2025-08-05,안양점,화,8,8,,14.2,6.8,0.8,45000,2091300,,,0,2091300,21.8,261412,샘플,
2025-08-06,안양점,수,8,8,,15.0,8.6,0.2,55000,2152500,,,0,2152500,23.8,269062,샘플,
2025-08-07,안양점,목,12,12,1,23.1,11.2,0.2,68000,3349200,128300,,0,3477500,34.5,289792,샘플,
2025-08-08,안양점,금,8,8,,14.6,7.2,1.2,68000,1962100,,,0,1962100,23.0,245262,샘플,
2025-08-09,안양점,토,17,17,1,29.8,11.4,2.2,149000,4564700,247600,166100,0,4978400,43.4,292847,샘플,
2025-08-10,안양점,일,15,15,,24.9,10.7,1.1,100000,3959200,,,0,3959200,36.7,263947,샘플,
2025-08-11,안양점,월,8,8,1,18.2,8.6,1.6,47000,2254200,232900,155700,0,2642800,28.4,330350,샘플,
2025-08-12,안양점,화,8,8,,12.7,7.3,0.1,34000,1877700,,,0,1877700,20.1,234712,샘플,
2025-08-13,안양점,수,,,,,,,,,,,,0,,,샘플,
2025-08-14,안양점,목,11,11,,16.8,11.4,2.0,50000,2644300,,103600,0,2747900,30.2,249809,샘플,
2025-08-15,안양점,금,14,14,,33.5,11.7,2.0,114000,3304100,,91700,0,3395800,47.2,242557,샘플,
2025-08-16,안양점,토,20,20,,39.5,13.5,3.3,106000,4637800,,,0,4637800,56.3,231890,샘플,
2025-08-17,안양점,일,14,14,,23.1,13.8,2.2,124000,3983400,,157300,0,4140700,39.1,295764,샘플,
2025-08-18,안양점,월,10,10,,21.7,7.1,1.6,49000,2548800,,,0,2548800,30.4,254880,샘플,
2025-08-19,안양점,화,4,4,,7.2,4.0,0.9,19000,1017800,,,0,1017800,12.1,254450,샘플,
2025-08-20,안양점,수,5,5,,11.3,4.2,1.0,39000,1429800,,,0,1429800,16.5,285960,샘플,
2025-08-21,안양점,목,6,6,1,11.6,4.1,1.4,45000,1519600,158700,173600,0,1851900,17.1,308650,샘플,
2025-08-22,안양점,금,13,13,1,30.1,13.0,0.6,87000,3742100,191700,,0,3933800,43.7,302600,샘플,
2025-08-23,안양점,토,,,,,,,,,,,,0,,,샘플,
2025-08-24,안양점,일,14,14,,30.2,9.1,3.1,70000,3356400,,,0,3356400,42.4,239743,샘플,
2025-08-25,안양점,월,9,9,1,17.9,9.2,0.2,77000,2536100,192600,110400,0,2839100,27.3,315456,샘플,
2025-08-26,안양점,화,6,6,,11.9,5.2,0.0,38000,1564800,,,0,1564800,17.1,260800,샘플,
2025-08-27,안양점,수,7,7,,13.8,6.1,1.6,31000,1661900,,,0,1661900,21.5,237414,샘플,
2025-08-28,안양점,목,9,9,,13.7,9.4,0.2,72000,2275100,,,0,2275100,23.3,252789,샘플,
2025-08-29,안양점,금,13,13,,29.7,13.8,3.6,77000,3802400,,,0,3802400,47.1,292492,샘플,
2025-08-30,안양점,토,18,18,,37.9,14.7,1.1,129000,4521500,,,0,4521500,53.7,251194,샘플,
2025-08-31,안양점,일,13,13,,25.0,12.7,0.4,80000,3795200,,,0,3795200,38.1,291938,샘플,
2025-09-01,안양점,월,10,10,,18.1,7.0,1.0,40000,2805500,,,0,2805500,26.1,280550,샘플,
2025-09-02,안양점,화,6,6,,9.3,6.6,1.4,47000,1788100,,,0,1788100,17.3,298017,샘플,
2025-09-03,안양점,수,7,7,,11.3,5.7,1.9,47000,2011200,,170300,0,2181500,18.9,311643,샘플,
2025-09-04,안양점,목,10,10,,21.2,8.1,0.2,51000,2956800,,,0,2956800,29.5,295680,샘플,
2025-09-05,안양점,금,13,13,,20.9,7.9,3.9,67000,3370100,,,0,3370100,32.7,259238,샘플,
2025-09-06,안양점,토,16,16,,26.9,12.1,1.5,91000,4530600,,81300,0,4611900,40.5,288244,샘플,
2025-09-07,안양점,일,,,,,,,,,,,,0,,,샘플,
2025-09-08,안양점,월,9,9,1,13.6,8.7,1.5,72000,2189300,121700,,0,2311000,23.8,256778,샘플,
2025-09-09,안양점,화,4,4,,7.4,3.4,0.8,18000,1195000,,147400,0,1342400,11.6,335600,샘플,
2025-09-10,안양점,수,9,9,,21.5,9.2,0.0,73000,2464000,,,0,2464000,30.7,273778,샘플,
2025-09-11,안양점,목,9,9,1,15.5,6.7,1.2,79000,2169200,80600,,0,2249800,23.4,249978,샘플,
2025-09-12,안양점,금,11,11,,18.9,11.9,1.0,71000,2804500,,,0,2804500,31.8,254955,샘플,
2025-09-13,안양점,토,15,15,,26.1,9.7,1.8,103000,3493700,,87900,0,3581600,37.6,238773,샘플,
2025-09-14,안양점,일,13,13,1,28.3,12.1,2.8,61000,3789900,209900,178100,0,4177900,43.2,321377,샘플,
2025-09-15,안양점,월,8,8,,18.0,8.4,1.5,64000,2250900,,128200,0,2379100,27.9,297388,샘플,
2025-09-16,안양점,화,,,,,,,,,,,,0,,,샘플,
2025-09-17,안양점,수,8,8,,17.7,7.6,2.3,70000,2200000,,,0,2200000,27.6,275000,샘플,
2025-09-18,안양점,목,9,9,1,13.7,7.8,0.7,76000,2236100,215600,171900,0,2623600,22.2,291511,샘플,
2025-09-19,안양점,금,13,13,,25.7,12.6,1.8,94000,3726300,,,0,3726300,40.1,286638,샘플,
2025-09-20,안양점,토,16,16,,37.1,11.9,0.2,116000,4388700,,,0,4388700,49.2,274294,샘플,
2025-09-21,안양점,일,13,13,,26.8,8.7,1.9,98000,3432000,,118700,0,3550700,37.4,273131,샘플,
2025-09-22,안양점,월,5,5,1,12.0,4.4,0.5,32000,1180000,82900,,0,1262900,16.9,252580,샘플,
2025-09-23,안양점,화,8,8,,19.2,6.3,2.2,42000,2361100,,,0,2361100,27.7,295138,샘플,
2025-09-24,안양점,수,6,6,1,10.5,3.9,0.7,38000,1589100,146900,,0,1736000,15.1,289333,샘플,
2025-09-25,안양점,목,8,8,,14.2,5.4,0.8,36000,2017000,,,0,2017000,20.4,252125,샘플,
2025-09-26,안양점,금,12,12,,21.1,9.4,1.4,99000,3598900,,,0,3598900,31.9,299908,샘플,
2025-09-27,안양점,토,11,11,,17.0,10.2,2.1,64000,2644600,,,0,2644600,29.3,240418,샘플,
2025-09-28,안양점,일,16,16,,33.1,16.9,4.5,113000,4295100,,109300,0,4404400,54.5,275275,샘플,
2025-09-29,안양점,월,6,6,,13.7,5.1,1.6,31000,1611000,,,0,1611000,20.4,268500,샘플,
2025-09-30,안양점,화,6,6,,10.3,5.0,1.2,38000,1430200,,168700,0,1598900,16.5,266483,샘플,
2025-10-01,안양점,수,7,7,,16.2,7.7,0.9,31000,1678400,,,0,1678400,24.8,239771,샘플,
2025-10-02,안양점,목,9,9,,20.7,8.8,1.1,58000,2330700,,,0,2330700,30.6,258967,샘플,
2025-10-03,안양점,금,15,15,,27.4,14.2,2.4,108000,4279800,,,0,4279800,44.0,285320,샘플,
2025-10-04,안양점,토,14,14,1,33.2,9.3,1.8,83000,3968400,244600,,0,4213000,44.3,300929,샘플,
2025-10-05,안양점,일,17,17,,38.1,17.5,5.0,125000,4205600,,,0,4205600,60.6,247388,샘플,
2025-10-06,안양점,월,8,8,,17.5,6.6,1.3,44000,1862100,,,0,1862100,25.4,232762,샘플,
2025-10-07,안양점,화,5,5,,8.6,4.6,1.0,26000,1189200,,83000,0,1272200,14.2,254440,샘플,
2025-10-08,안양점,수,11,11,,26.4,8.1,1.0,45000,3176300,,,0,3176300,35.5,288755,샘플,
2025-10-09,안양점,목,10,10,1,20.8,6.3,0.6,86000,2919300,93700,,0,3013000,27.7,301300,샘플,
2025-10-10,안양점,금,14,14,,26.3,13.2,0.8,113000,4001100,,,0,4001100,40.3,285793,샘플,
2025-10-11,안양점,토,16,16,1,27.2,15.7,1.4,136000,4746100,183700,,0,4929800,44.3,308112,샘플,
2025-10-12,안양점,일,,,,,,,,,,,,0,,,샘플,
2025-10-13,안양점,월,9,9,,13.7,8.1,1.1,68000,2517200,,166000,0,2683200,22.9,298133,샘플,
2025-10-14,안양점,화,7,7,1,16.4,5.4,0.4,57000,2068500,85400,147000,0,2300900,22.2,328700,샘플,
2025-10-15,안양점,수,8,8,,12.6,5.1,1.0,49000,2335600,,,0,2335600,18.7,291950,샘플,
2025-10-16,안양점,목,,,,,,,,,,,,0,,,샘플,
2025-10-17,안양점,금,13,13,1,23.9,13.8,0.8,92000,3321400,85100,,0,3406500,38.5,262038,샘플,
2025-10-18,안양점,토,14,14,,31.1,8.8,0.8,99000,3281500,,,0,3281500,40.7,234393,샘플,
2025-10-19,안양점,일,15,15,,32.2,11.4,1.2,113000,3453900,,,0,3453900,44.8,230260,샘플,
2025-10-20,안양점,월,9,9,,20.9,9.1,0.4,67000,2382800,,96300,0,2479100,30.4,275456,샘플,
2025-10-21,안양점,화,4,4,,6.9,4.1,0.6,20000,1139400,,,0,1139400,11.6,284850,샘플,
2025-10-22,안양점,수,11,11,,19.7,12.0,2.9,71000,3290600,,,0,3290600,34.6,299145,샘플,
2025-10-23,안양점,목,10,10,,19.0,7.2,1.3,78000,2734200,,151100,0,2885300,27.5,288530,샘플,
2025-10-24,안양점,금,12,12,,20.7,8.8,1.6,51000,2916000,,82500,0,2998500,31.1,249875,샘플,
2025-10-25,안양점,토,17,17,1,29.3,14.7,3.3,143000,4029600,248400,,0,4278000,47.3,251647,샘플,
2025-10-26,안양점,일,12,12,,27.5,8.6,0.2,58000,3264400,,,0,3264400,36.3,272033,샘플,
2025-10-27,안양점,월,9,9,,19.8,8.4,0.0,37000,2471500,,,0,2471500,28.2,274611,샘플,
2025-10-28,안양점,화,11,11,,25.5,11.1,2.7,45000,2844900,,,0,2844900,39.3,258627,샘플,
2025-10-29,안양점,수,9,9,,17.4,7.2,2.1,53000,2488300,,,0,2488300,26.7,276478,샘플,
2025-10-30,안양점,목,12,12,1,22.5,7.5,2.7,71000,3502300,150700,,0,3653000,32.7,304417,샘플,
2025-10-31,안양점,금,12,12,,28.2,9.8,0.6,57000,2855300,,,0,2855300,38.6,237942,샘플,
2025-11-01,안양점,토,,,,,,,,,,,,0,,,샘플,
2025-11-02,안양점,일,11,11,,17.4,10.0,1.2,94000,2918400,,,0,2918400,28.6,265309,샘플,
2025-11-03,안양점,월,5,5,,9.7,5.0,1.5,32000,1219000,,,0,1219000,16.2,243800,샘플,
2025-11-04,안양점,화,,,,,,,,,,,,0,,,샘플,
2025-11-05,안양점,수,5,5,,10.3,5.1,0.2,40000,1425000,,161500,0,1586500,15.6,317300,샘플,
2025-11-06,안양점,목,12,12,,20.4,9.6,1.9,59000,3082200,,157800,0,3240000,31.9,270000,샘플,
2025-11-07,안양점,금,14,14,,29.4,10.7,1.6,85000,3666600,,,0,3666600,41.7,261900,샘플,
2025-11-08,안양점,토,13,13,1,24.7,10.6,0.1,102000,3553100,159000,,0,3712100,35.4,285546,샘플,
2025-11-09,안양점,일,14,14,1,22.3,9.3,1.8,100000,3309800,165700,64800,0,3540300,33.4,252879,샘플,
2025-11-10,안양점,월,11,11,1,23.8,10.9,1.7,47000,2571700,190900,,0,2762600,36.4,251145,샘플,
2025-11-11,안양점,화,7,7,,11.3,7.3,0.6,30000,2007300,,171600,0,2178900,19.2,311271,샘플,
2025-11-12,안양점,수,8,8,1,17.4,5.4,2.2,51000,1993900,104400,175700,0,2274000,25.0,284250,샘플,
2025-11-13,안양점,목,8,8,,14.7,5.6,1.0,63000,2196400,,,0,2196400,21.3,274550,샘플,
2025-11-14,안양점,금,12,12,,23.7,11.0,1.3,71000,3493200,,135500,0,3628700,36.0,302392,샘플,
2025-11-15,안양점,토,15,15,,30.3,11.7,3.4,98000,3914300,,,0,3914300,45.4,260953,샘플,
2025-11-16,안양점,일,20,20,,47.4,20.7,5.6,141000,5854000,,,0,5854000,73.7,292700,샘플,
2025-11-17,안양점,월,4,4,,6.5,2.9,0.8,23000,926200,,,0,926200,10.2,231550,샘플,
2025-11-18,안양점,화,7,7,1,14.2,6.3,0.4,36000,1915700,106900,,0,2022600,20.9,288943,샘플,
2025-11-19,안양점,수,11,11,,25.1,10.9,1.3,76000,2733400,,167100,0,2900500,37.3,263682,샘플,
2025-11-20,안양점,목,11,11,,22.5,9.4,1.6,54000,2657100,,63000,0,2720100,33.5,247282,샘플,
2025-11-21,안양점,금,13,13,1,26.7,12.1,0.8,56000,3365900,218200,,0,3584100,39.6,275700,샘플,
2025-11-22,안양점,토,15,15,1,35.9,14.4,2.2,66000,4015300,223500,169400,0,4408200,52.5,293880,샘플,
2025-11-23,안양점,일,17,17,,29.5,15.7,0.6,125000,4970600,,,0,4970600,45.8,292388,샘플,
2025-11-24,안양점,월,15,15,,34.9,16.3,1.3,79000,4424900,,61800,0,4486700,52.5,299113,샘플,
2025-11-25,안양점,화,7,7,,15.2,5.3,1.8,62000,1770900,,170600,0,1941500,22.3,277357,샘플,
2025-11-26,안양점,수,4,4,,7.9,3.3,0.6,33000,921700,,88000,0,1009700,11.8,252425,샘플,
2025-11-27,안양점,목,7,7,,14.1,4.8,0.1,29000,1664800,,,0,1664800,19.0,237829,샘플,
2025-11-28,안양점,금,14,14,,29.1,8.7,0.3,60000,3265700,,166900,0,3432600,38.1,245186,샘플,
2025-11-29,안양점,토,20,20,,31.9,14.1,0.7,127000,4648100,,135800,0,4783900,46.7,239195,샘플,
2025-11-30,안양점,일,11,11,,24.3,10.2,1.0,46000,2789100,,,0,2789100,35.5,253555,샘플,
2025-12-01,안양점,월,11,11,1,22.5,9.2,0.9,63000,3104100,85300,152700,0,3342100,32.6,303827,샘플,
2025-12-02,안양점,화,6,6,,11.9,4.2,1.6,32000,1418100,,,0,1418100,17.7,236350,샘플,
2025-12-03,안양점,수,10,10,,15.9,9.5,2.5,87000,2977000,,91200,0,3068200,27.9,306820,샘플,
2025-12-04,안양점,목,10,10,,16.9,9.5,1.5,45000,2376900,,127300,0,2504200,27.9,250420,샘플,
2025-12-05,안양점,금,16,16,,36.8,15.6,2.0,107000,4403300,,,0,4403300,54.4,275206,샘플,
2025-12-06,안양점,토,18,18,,42.9,16.5,5.1,150000,4299800,,,0,4299800,64.5,238878,샘플,
2025-12-07,안양점,일,12,12,,23.0,11.3,0.9,59000,2954000,,88500,0,3042500,35.2,253542,샘플,
2025-12-08,안양점,월,8,8,,17.1,8.2,0.4,38000,1927300,,122600,0,2049900,25.7,256238,샘플,
2025-12-09,안양점,화,10,10,1,21.6,6.5,2.9,76000,2371100,105600,,0,2476700,31.0,247670,샘플,
2025-12-10,안양점,수,14,14,1,23.5,12.9,0.4,111000,3422300,158800,,0,3581100,36.8,255793,샘플,
2025-12-11,안양점,목,7,7,,13.4,4.7,1.3,48000,1808300,,,0,1808300,19.4,258329,샘플,
2025-12-12,안양점,금,12,12,,27.1,11.2,2.3,73000,3497100,,74900,0,3572000,40.6,297667,샘플,
2025-12-13,안양점,토,14,14,1,24.1,11.2,3.0,84000,3373300,162000,,0,3535300,38.3,252521,샘플,
2025-12-14,안양점,일,9,9,1,21.0,6.2,1.8,60000,2560200,221400,,0,2781600,29.0,309067,샘플,
2025-12-15,안양점,월,9,9,1,17.7,5.9,1.6,52000,2410800,167000,155100,0,2732900,25.2,303656,샘플,
2025-12-16,안양점,화,3,3,,6.5,2.5,0.9,12000,728500,,102600,0,831100,9.9,277033,샘플,
2025-12-17,안양점,수,8,8,,15.0,6.5,1.7,69000,2037100,,,0,2037100,23.2,254638,샘플,
2025-12-18,안양점,목,10,10,,17.0,10.0,1.2,71000,2448400,,,0,2448400,28.2,244840,샘플,
2025-12-19,안양점,금,11,11,1,26.0,8.5,2.1,79000,3160400,159500,,0,3319900,36.6,301809,샘플,
2025-12-20,안양점,토,15,15,,28.8,14.9,1.0,60000,4189400,,82300,0,4271700,44.7,284780,샘플,
2025-12-21,안양점,일,13,13,,23.0,10.9,1.7,55000,3569900,,,0,3569900,35.6,274608,샘플,
2025-12-22,안양점,월,10,10,,23.2,9.9,0.4,72000,2881900,,,0,2881900,33.5,288190,샘플,
2025-12-23,안양점,화,8,8,1,13.7,7.9,0.8,59000,1925400,214500,,0,2139900,22.4,267488,샘플,
2025-12-24,안양점,수,9,9,,14.2,9.5,1.5,39000,2471000,,85500,0,2556500,25.2,284056,샘플,
2025-12-25,안양점,목,9,9,,14.5,7.3,2.2,47000,2368100,,,0,2368100,24.0,263122,샘플,
2025-12-26,안양점,금,12,12,1,24.5,11.6,0.6,73000,3029300,193100,,0,3222400,36.7,268533,샘플,
2025-12-27,안양점,토,18,18,,37.3,11.1,3.3,115000,5000000,,,0,5000000,51.7,277778,샘플,
2025-12-28,안양점,일,15,15,,23.0,14.4,2.8,128000,3805500,,126400,0,3931900,40.2,262127,샘플,
2025-12-29,안양점,월,8,8,,12.4,6.0,0.9,45000,2116400,,,0,2116400,19.3,264550,샘플,
2025-12-30,안양점,화,9,9,,17.5,5.9,0.5,80000,2519300,,70500,0,2589800,23.9,287756,샘플,
2025-12-31,안양점,수,7,7,1,14.1,5.6,0.2,45000,1632700,183400,67200,0,1883300,19.9,269043,샘플,
2026-01-01,안양점,목,9,9,,16.5,6.1,1.8,64000,2504100,,136000,0,2640100,24.4,293344,샘플,
2026-01-02,안양점,금,10,10,,18.8,6.5,2.8,83000,2309300,,145200,0,2454500,28.1,245450,샘플,
2026-01-03,안양점,토,12,12,,18.4,7.3,2.0,55000,3245700,,64700,0,3310400,27.7,275867,샘플,
2026-01-04,안양점,일,10,10,,19.0,6.1,1.2,44000,2714300,,,0,2714300,26.3,271430,샘플,
2026-01-05,안양점,월,6,6,,13.8,5.5,0.8,27000,1383900,,,0,1383900,20.1,230650,샘플,
2026-01-06,안양점,화,7,7,,13.3,6.8,1.9,47000,1789200,,,0,1789200,22.0,255600,샘플,
2026-01-07,안양점,수,11,11,,23.1,11.5,3.0,81000,2570500,,,0,2570500,37.6,233682,샘플,
2026-01-08,안양점,목,8,8,,16.3,8.6,2.0,50000,2181000,,147300,0,2328300,26.9,291038,샘플,
2026-01-09,안양점,금,14,14,1,33.2,9.2,4.0,110000,3380700,161000,,0,3541700,46.4,252979,샘플,
2026-01-10,안양점,토,15,15,,35.6,14.3,3.7,103000,3798600,,159900,0,3958500,53.6,263900,샘플,
2026-01-11,안양점,일,14,14,,24.1,11.1,1.6,78000,3976000,,,0,3976000,36.8,284000,샘플,
2026-01-12,안양점,월,11,11,,24.1,10.9,1.0,94000,2638300,,142100,0,2780400,36.0,252764,샘플,
2026-01-13,안양점,화,11,11,,17.3,9.6,2.6,69000,2684300,,,0,2684300,29.5,244027,샘플,
2026-01-14,안양점,수,8,8,,17.7,6.6,0.2,42000,2291600,,122500,0,2414100,24.5,301762,샘플,
2026-01-15,안양점,목,13,13,,23.3,11.1,0.8,89000,3183500,,94700,0,3278200,35.2,252169,샘플,
2026-01-16,안양점,금,13,13,,22.4,13.8,1.9,90000,3778300,,,0,3778300,38.1,290638,샘플,
2026-01-17,안양점,토,12,12,1,23.6,7.3,0.1,94000,3591900,179700,,0,3771600,31.0,314300,샘플,
2026-01-18,안양점,일,17,17,,38.0,18.4,1.3,72000,3955000,,,0,3955000,57.7,232647,샘플,
2026-01-19,안양점,월,7,7,,16.0,5.8,2.0,32000,2055800,,107600,0,2163400,23.8,309057,샘플,
2026-01-20,안양점,화,7,7,1,14.5,7.5,1.4,62000,1802600,224400,,0,2027000,23.4,289571,샘플,
2026-01-21,안양점,수,11,11,,16.9,8.0,1.2,72000,3225100,,,0,3225100,26.1,293191,샘플,
2026-01-22,안양점,목,10,10,,15.9,7.6,0.0,45000,2439200,,,0,2439200,23.5,243920,샘플,
2026-01-23,안양점,금,10,10,,17.3,6.6,1.4,63000,2418000,,167000,0,2585000,25.3,258500,샘플,
2026-01-24,안양점,토,16,16,,36.0,10.2,3.0,94000,4097800,,,0,4097800,49.2,256112,샘플,
2026-01-25,안양점,일,,,,,,,,,,,,0,,,샘플,
2026-01-26,안양점,월,7,7,,16.6,5.3,0.5,34000,1666600,,,0,1666600,22.4,238086,샘플,
2026-01-27,안양점,화,9,9,,14.7,7.3,0.7,40000,2086000,,,0,2086000,22.7,231778,샘플,
2026-01-28,안양점,수,7,7,,13.5,4.7,1.1,54000,1919100,,,0,1919100,19.3,274157,샘플,
2026-01-29,안양점,목,8,8,,13.7,5.8,0.9,37000,2072700,,177400,0,2250100,20.4,281262,샘플,
2026-01-30,안양점,금,13,13,,24.7,11.1,2.0,78000,3393100,,,0,3393100,37.8,261008,샘플,
2026-01-31,안양점,토,17,17,,33.5,12.2,0.9,91000,4624700,,119400,0,4744100,46.6,279065,샘플,
2026-02-01,안양점,일,17,17,,34.9,16.2,4.1,102000,4603600,,147900,0,4751500,55.2,279500,샘플,
2026-02-02,안양점,월,12,12,,21.6,12.3,3.1,87000,3174100,,,0,3174100,37.0,264508,샘플,
2026-02-03,안양점,화,9,9,,18.1,9.8,0.1,39000,2512400,,,0,2512400,28.0,279156,샘플,
2026-02-04,안양점,수,9,9,,20.9,8.9,2.3,58000,2433000,,,0,2433000,32.1,270333,샘플,
2026-02-05,안양점,목,13,13,,25.7,11.3,0.1,68000,3870300,,,0,3870300,37.1,297715,샘플,
2026-02-06,안양점,금,13,13,1,27.7,9.1,0.1,74000,3535400,168800,113300,0,3817500,36.9,293654,샘플,
2026-02-07,안양점,토,16,16,,26.6,11.8,2.2,74000,4336200,,,0,4336200,40.6,271012,샘플,
2026-02-08,안양점,일,14,14,1,28.2,13.6,0.7,92000,4029400,197900,160700,0,4388000,42.5,313429,샘플,
2026-02-09,안양점,월,8,8,,18.8,7.9,0.8,68000,1974600,,156500,0,2131100,27.5,266388,샘플,
2026-02-10,안양점,화,8,8,1,15.7,8.6,2.2,53000,1979500,192700,,0,2172200,26.5,271525,샘플,
2026-02-11,안양점,수,8,8,1,15.1,6.8,0.0,64000,1918000,212000,,0,2130000,21.9,266250,샘플,
2026-02-12,안양점,목,10,10,,20.8,7.3,2.0,40000,2491400,,,0,2491400,30.1,249140,샘플,
2026-02-13,안양점,금,12,12,,18.4,7.9,1.3,53000,2900200,,168100,0,3068300,27.6,255692,샘플,
2026-02-14,안양점,토,17,17,,33.3,17.7,4.7,92000,4597000,,,0,4597000,55.7,270412,샘플,
2026-02-15,안양점,일,13,13,,27.6,9.2,1.5,83000,3489200,,96400,0,3585600,38.3,275815,샘플,
2026-02-16,안양점,월,10,10,,16.7,8.7,2.9,56000,2577500,,,0,2577500,28.3,257750,샘플,
2026-02-17,안양점,화,8,8,,18.3,5.7,0.1,34000,1852200,,,0,1852200,24.1,231525,샘플,
2026-02-18,안양점,수,5,5,,8.0,3.6,1.4,36000,1408500,,102200,0,1510700,13.0,302140,샘플,
2026-02-19,안양점,목,11,11,1,24.9,11.1,1.7,94000,3098800,125600,145000,0,3369400,37.7,306309,샘플,
2026-02-20,안양점,금,13,13,,28.5,11.6,1.9,91000,3866000,,,0,3866000,42.0,297385,샘플,
2026-02-21,안양점,토,15,15,1,28.6,12.4,3.3,84000,3757500,169400,106100,0,4033000,44.3,268867,샘플,
2026-02-22,안양점,일,15,15,1,28.5,10.4,1.4,84000,3602200,178800,,0,3781000,40.3,252067,샘플,
2026-02-23,안양점,월,7,7,,14.3,5.0,0.7,45000,2086300,,,0,2086300,20.0,298043,샘플,
2026-02-24,안양점,화,8,8,1,19.2,6.9,1.2,46000,2223700,158900,,0,2382600,27.3,297825,샘플,
2026-02-25,안양점,수,6,6,1,12.7,5.2,0.2,29000,1537200,190200,78500,0,1805900,18.1,300983,샘플,
2026-02-26,안양점,목,7,7,,16.2,6.3,1.5,30000,1975700,,,0,1975700,24.0,282243,샘플,
2026-02-27,안양점,금,14,14,1,23.2,13.0,1.2,91000,3556400,187200,94700,0,3838300,37.4,274164,샘플,
2026-02-28,안양점,토,16,16,,33.1,14.4,1.7,88000,4792900,,,0,4792900,49.2,299556,샘플,
2026-03-01,안양점,일,15,15,,22.6,11.3,3.8,102000,4065500,,,0,4065500,37.7,271033,샘플,
2026-03-02,안양점,월,10,10,,16.3,7.0,1.8,66000,2401700,,,0,2401700,25.1,240170,샘플,
2026-03-03,안양점,화,6,6,,12.3,6.0,0.1,29000,1385200,,,0,1385200,18.4,230867,샘플,
2026-03-04,안양점,수,12,12,,24.3,9.3,1.6,105000,3083900,,,0,3083900,35.2,256992,샘플,
2026-03-05,안양점,목,12,12,,24.7,8.7,0.2,84000,3541800,,,0,3541800,33.6,295150,샘플,
2026-03-06,안양점,금,8,8,,13.7,6.4,1.7,63000,1963900,,118100,0,2082000,21.8,260250,샘플,
2026-03-07,안양점,토,16,16,,26.5,12.5,0.9,106000,4768100,,,0,4768100,39.9,298006,샘플,
2026-03-08,안양점,일,13,13,,20.9,13.2,1.4,54000,3212800,,,0,3212800,35.5,247138,샘플,
2026-03-09,안양점,월,9,9,,16.3,6.1,1.9,57000,2128300,,,0,2128300,24.3,236478,샘플,
2026-03-10,안양점,화,8,8,,13.6,6.4,1.5,66000,2165200,,84500,0,2249700,21.5,281212,샘플,
2026-03-11,안양점,수,10,10,,23.5,11.0,1.8,50000,2608200,,,0,2608200,36.3,260820,샘플,
2026-03-12,안양점,목,11,11,,21.9,8.1,2.5,82000,2826300,,,0,2826300,32.5,256936,샘플,
2026-03-13,안양점,금,14,14,,23.9,9.7,3.7,106000,3286700,,,0,3286700,37.3,234764,샘플,
2026-03-14,안양점,토,15,15,,27.9,11.7,3.8,110000,3937600,,,0,3937600,43.4,262507,샘플,
2026-03-15,안양점,일,17,17,,30.9,13.7,3.4,121000,4742100,,,0,4742100,48.0,278947,샘플,
2026-03-16,안양점,월,12,12,,25.9,11.5,0.1,92000,2793500,,,0,2793500,37.5,232792,샘플,
2026-03-17,안양점,화,10,10,1,20.7,10.7,1.7,73000,2459300,201800,,0,2661100,33.1,266110,샘플,
2026-03-18,안양점,수,9,9,,19.7,8.3,2.4,71000,2621300,,73300,0,2694600,30.4,299400,샘플,
2026-03-19,안양점,목,9,9,1,20.9,8.8,0.2,48000,2507600,249600,159400,0,2916600,29.9,324067,샘플,
2026-03-20,안양점,금,14,14,1,32.7,13.2,3.1,85000,4033300,166400,143700,0,4343400,49.0,310243,샘플,
2026-03-21,안양점,토,15,15,,35.0,10.0,3.4,107000,3495800,,,0,3495800,48.4,233053,샘플,
2026-03-22,안양점,일,14,14,,25.5,11.3,0.8,72000,3524300,,,0,3524300,37.6,251736,샘플,
2026-03-23,안양점,월,9,9,,17.7,7.4,2.5,61000,2291400,,77000,0,2368400,27.6,263156,샘플,
2026-03-24,안양점,화,9,9,1,19.7,6.2,1.8,41000,2447100,222700,,0,2669800,27.7,296644,샘플,
2026-03-25,안양점,수,6,6,,10.9,4.2,0.1,27000,1497900,,,0,1497900,15.2,249650,샘플,
2026-03-26,안양점,목,8,8,1,13.2,5.1,0.0,61000,2395500,94200,99800,0,2589500,18.3,323688,샘플,
2026-03-27,안양점,금,13,13,,27.0,14.0,1.9,92000,3703300,,,0,3703300,42.9,284869,샘플,
2026-03-28,안양점,토,15,15,,25.8,10.0,0.1,99000,4263100,,,0,4263100,35.9,284207,샘플,
2026-03-29,안양점,일,12,12,,25.4,7.8,2.6,67000,3020600,,159000,0,3179600,35.8,264967,샘플,
2026-03-30,안양점,월,7,7,1,15.7,5.0,0.1,45000,1887700,233800,,0,2121500,20.8,303071,샘플,
2026-03-31,안양점,화,7,7,,12.4,6.2,0.2,31000,1947100,,176300,0,2123400,18.8,303343,샘플,
2026-04-01,안양점,수,,,,,,,,,,,,0,,,샘플,
2026-04-02,안양점,목,11,11,1,16.5,11.2,2.8,72000,3135900,104300,,0,3240200,30.5,294564,샘플,
2026-04-03,안양점,금,15,15,,27.1,12.3,3.0,102000,4317300,,,0,4317300,42.4,287820,샘플,
2026-04-04,안양점,토,16,16,,28.7,13.3,4.7,128000,4697700,,134300,0,4832000,46.7,302000,샘플,
2026-04-05,안양점,일,14,14,,29.5,12.7,1.2,116000,3779700,,76400,0,3856100,43.4,275436,샘플,
2026-04-06,안양점,월,6,6,,10.2,5.8,1.2,31000,1441700,,,0,1441700,17.2,240283,샘플,
2026-04-07,안양점,화,5,5,,8.7,3.6,1.5,24000,1220900,,,0,1220900,13.8,244180,샘플,
2026-04-08,안양점,수,8,8,,15.3,7.0,1.7,49000,2251900,,68800,0,2320700,24.0,290088,샘플,
2026-04-09,안양점,목,8,8,,16.0,7.7,1.8,38000,1904100,,107000,0,2011100,25.5,251388,샘플,
2026-04-10,안양점,금,9,9,,14.6,8.9,0.2,45000,2219200,,131300,0,2350500,23.7,261167,샘플,
2026-04-11,안양점,토,14,14,,29.9,11.4,3.7,67000,3828700,,164400,0,3993100,45.0,285221,샘플,
2026-04-12,안양점,일,12,12,,25.3,12.2,0.4,69000,3073300,,,0,3073300,37.9,256108,샘플,
2026-04-13,안양점,월,11,11,,19.7,9.9,0.1,45000,3230800,,,0,3230800,29.7,293709,샘플,
2026-04-14,안양점,화,4,4,,7.8,2.5,0.3,18000,962000,,105600,0,1067600,10.6,266900,샘플,
2026-04-15,안양점,수,10,10,,19.8,9.4,2.4,64000,2964100,,,0,2964100,31.6,296410,샘플,
2026-04-16,안양점,목,,,,,,,,,,,,0,,,샘플,
2026-04-17,안양점,금,15,15,1,31.2,13.5,3.8,87000,4465900,146800,122000,0,4734700,48.5,315647,샘플,
2026-04-18,안양점,토,17,17,,30.3,11.3,3.2,100000,4161500,,,0,4161500,44.8,244794,샘플,
2026-04-19,안양점,일,16,16,,28.8,9.8,2.2,85000,4784700,,140500,0,4925200,40.8,307825,샘플,
2026-04-20,안양점,월,9,9,,17.6,6.6,1.5,76000,2402700,,,0,2402700,25.7,266967,샘플,
2026-04-21,안양점,화,8,8,,16.1,5.2,1.9,44000,2284100,,,0,2284100,23.2,285512,샘플,
2026-04-22,안양점,수,11,11,1,23.8,9.4,2.1,61000,2799800,136800,100400,0,3037000,35.3,276091,샘플,
2026-04-23,안양점,목,8,8,,13.8,5.7,0.8,49000,1915900,,114300,0,2030200,20.3,253775,샘플,
2026-04-24,안양점,금,13,13,,23.0,8.9,0.3,112000,3264300,,126100,0,3390400,32.2,260800,샘플,
2026-04-25,안양점,토,18,18,,28.3,12.4,3.1,150000,5384200,,111300,0,5495500,43.8,305306,샘플,
2026-04-26,안양점,일,12,12,,23.2,12.6,1.0,90000,2976300,,92100,0,3068400,36.8,255700,샘플,
2026-04-27,안양점,월,7,7,,14.3,7.2,1.4,30000,1706300,,65800,0,1772100,22.9,253157,샘플,
2026-04-28,안양점,화,8,8,,16.1,7.7,0.0,45000,1991500,,,0,1991500,23.8,248938,샘플,
2026-04-29,안양점,수,7,7,,14.8,5.4,0.1,45000,1812900,,100100,0,1913000,20.3,273286,샘플,
2026-04-30,안양점,목,8,8,,13.9,6.7,0.0,65000,2358100,,145200,0,2503300,20.6,312912,샘플,
2026-05-01,안양점,금,14,14,,27.7,14.3,1.5,66000,3574400,,163900,0,3738300,43.5,267021,샘플,
2026-05-02,안양점,토,16,16,1,32.3,11.4,3.0,125000,4591000,209700,97100,0,4897800,46.7,306112,샘플,
2026-05-03,안양점,일,12,12,1,23.7,12.8,0.5,85000,2767500,96900,,0,2864400,37.0,238700,샘플,
2026-05-04,안양점,월,9,9,,21.4,9.6,1.7,63000,2147000,,,0,2147000,32.7,238556,샘플,
2026-05-05,안양점,화,11,11,,25.0,10.9,1.7,94000,2800100,,,0,2800100,37.6,254555,샘플,
2026-05-06,안양점,수,6,6,,11.1,4.2,1.4,44000,1391100,,169600,0,1560700,16.7,260117,샘플,
2026-05-07,안양점,목,10,10,,23.2,7.9,2.0,52000,2902200,,,0,2902200,33.1,290220,샘플,
2026-05-08,안양점,금,14,14,1,25.1,11.4,1.2,89000,4081800,116800,154800,0,4353400,37.7,310957,샘플,
2026-05-09,안양점,토,16,16,,26.0,12.0,0.4,140000,3684400,,133200,0,3817600,38.4,238600,샘플,
2026-05-10,안양점,일,9,9,,13.9,8.9,2.3,74000,2533300,,,0,2533300,25.1,281478,샘플,
2026-05-11,안양점,월,8,8,,12.8,8.7,0.0,38000,2350400,,,0,2350400,21.5,293800,샘플,
2026-05-12,안양점,화,8,8,,12.6,6.2,2.2,40000,2241100,,,0,2241100,21.0,280138,샘플,
2026-05-13,안양점,수,10,10,,20.4,8.9,2.1,45000,2809900,,,0,2809900,31.4,280990,샘플,
2026-05-14,안양점,목,10,10,,23.7,8.6,0.0,45000,2456700,,120000,0,2576700,32.3,257670,샘플,
2026-05-15,안양점,금,8,8,,14.5,5.7,2.3,42000,2334500,,,0,2334500,22.5,291812,샘플,
2026-05-16,안양점,토,16,16,,26.8,10.0,3.8,100000,4746100,,64900,0,4811000,40.6,300688,샘플,
2026-05-17,안양점,일,13,13,1,31.1,12.6,1.0,77000,3373900,145100,,0,3519000,44.7,270692,샘플,
2026-05-18,안양점,월,10,10,,16.3,11.0,0.0,52000,2725400,,105200,0,2830600,27.3,283060,샘플,
2026-05-19,안양점,화,10,10,,22.1,10.5,0.1,55000,2785900,,,0,2785900,32.7,278590,샘플,
2026-05-20,안양점,수,11,11,1,16.5,10.7,2.8,91000,2922700,119800,154900,0,3197400,30.0,290673,샘플,
2026-05-21,안양점,목,15,15,,26.1,13.9,3.7,123000,3525500,,,0,3525500,43.7,235033,샘플,
2026-05-22,안양점,금,15,15,,27.2,13.4,2.6,75000,4499300,,103600,0,4602900,43.2,306860,샘플,
2026-05-23,안양점,토,14,14,,22.9,13.0,0.7,113000,4148400,,,0,4148400,36.6,296314,샘플,
2026-05-24,안양점,일,16,16,,26.2,11.6,0.5,87000,4079400,,,0,4079400,38.3,254962,샘플,
2026-05-25,안양점,월,11,11,,23.7,7.6,1.7,78000,2534500,,139200,0,2673700,33.0,243064,샘플,
2026-05-26,안양점,화,9,9,,20.0,6.5,1.5,60000,2070500,,,0,2070500,28.0,230056,샘플,
2026-05-27,안양점,수,8,8,,15.2,6.9,1.2,46000,1889700,,,0,1889700,23.3,236212,샘플,
2026-05-28,안양점,목,,,,,,,,,,,,0,,,샘플,
2026-05-29,안양점,금,14,14,,25.6,13.4,1.2,65000,3619700,,,0,3619700,40.2,258550,샘플,
2026-05-30,안양점,토,19,19,,38.4,12.0,1.2,115000,5514000,,,0,5514000,51.6,290211,샘플,
2026-05-31,안양점,일,13,13,1,27.0,12.9,0.4,82000,3502700,199100,,0,3701800,40.3,284754,샘플,
2026-06-01,안양점,월,6,6,1,11.8,6.1,1.2,33000,1690900,172000,95200,0,1958100,19.1,326350,샘플,
2026-06-02,안양점,화,8,8,,15.3,5.2,2.0,40000,2159700,,,0,2159700,22.5,269962,샘플,
2026-06-03,안양점,수,9,9,,16.2,9.3,1.5,42000,2541100,,,0,2541100,27.0,282344,샘플,
2026-06-04,안양점,목,8,8,,15.7,4.8,2.4,66000,1993800,,,0,1993800,22.9,249225,샘플,
2026-06-05,안양점,금,10,10,,15.5,7.5,2.6,66000,2861300,,,0,2861300,25.6,286130,샘플,
2026-06-06,안양점,토,15,15,,28.8,12.7,2.6,63000,3834000,,126700,0,3960700,44.1,264047,샘플,
2026-06-07,안양점,일,11,11,,22.1,8.4,0.9,76000,3142900,,,0,3142900,31.4,285718,샘플,
2026-06-08,안양점,월,8,8,1,18.7,6.6,2.1,66000,1872300,225800,,0,2098100,27.4,262262,샘플,
2026-06-09,안양점,화,6,6,,14.0,5.3,1.4,28000,1589200,,160500,0,1749700,20.7,291617,샘플,
2026-06-10,안양점,수,8,8,,13.5,5.2,0.2,60000,2279100,,160000,0,2439100,18.9,304888,샘플,
2026-06-11,안양점,목,6,6,,14.0,4.0,0.3,45000,1567400,,,0,1567400,18.3,261233,샘플,
2026-06-12,안양점,금,14,14,,24.3,12.2,0.9,66000,4146600,,,0,4146600,37.4,296186,샘플,
2026-06-13,안양점,토,14,14,1,23.5,9.4,0.8,120000,3546500,99400,,0,3645900,33.7,260421,샘플,
2026-06-14,안양점,일,11,11,1,25.8,9.5,1.0,59000,2797900,231100,,0,3029000,36.3,275364,샘플,
2026-06-15,안양점,월,6,6,,10.1,5.0,1.4,41000,1701300,,,0,1701300,16.5,283550,샘플,
2026-06-16,안양점,화,6,6,,10.9,6.4,1.2,46000,1401000,,,0,1401000,18.5,233500,샘플,
2026-06-17,안양점,수,9,9,,14.1,7.9,0.3,37000,2417400,,,0,2417400,22.3,268600,샘플,
2026-06-18,안양점,목,8,8,,15.0,7.6,1.0,46000,2308800,,148100,0,2456900,23.6,307112,샘플,
2026-06-19,안양점,금,13,13,,27.0,13.2,1.2,69000,3227700,,,0,3227700,41.4,248285,샘플,
2026-06-20,안양점,토,16,16,,28.7,11.6,2.7,108000,3727100,,,0,3727100,43.0,232944,샘플,
2026-06-21,안양점,일,16,16,,31.7,11.5,0.5,119000,3798400,,128400,0,3926800,43.7,245425,샘플,
2026-06-22,안양점,월,7,7,1,15.2,4.7,0.6,59000,1625100,186100,,0,1811200,20.5,258743,샘플,
2026-06-23,안양점,화,6,6,,12.2,6.0,1.3,25000,1406000,,,0,1406000,19.5,234333,샘플,
2026-06-24,안양점,수,8,8,1,17.0,8.1,0.8,69000,2293900,180600,,0,2474500,25.9,309312,샘플,
2026-06-25,안양점,목,9,9,,15.5,8.7,1.8,45000,2165200,,,0,2165200,26.0,240578,샘플,
2026-06-26,안양점,금,13,13,1,30.9,14.3,3.1,100000,3426500,169300,,0,3595800,48.3,276600,샘플,
2026-06-27,안양점,토,16,16,,36.2,15.9,0.4,123000,4483500,,,0,4483500,52.5,280219,샘플,
2026-06-28,안양점,일,16,16,,35.9,17.1,4.3,133000,4514300,,154100,0,4668400,57.3,291775,샘플,
2026-06-29,안양점,월,11,11,,25.9,7.2,3.2,76000,3136300,,,0,3136300,36.3,285118,샘플,
2026-06-30,안양점,화,7,7,,16.0,6.2,2.0,51000,2045800,,,0,2045800,24.2,292257,샘플,
2026-07-01,안양점,수,9,9,1,14.2,8.3,2.3,63000,2283900,214800,,0,2498700,24.8,277633,샘플,
2026-07-02,안양점,목,8,8,,18.3,6.7,1.0,47000,2007600,,,0,2007600,26.0,250950,샘플,
2026-07-03,안양점,금,14,14,,33.5,9.7,3.7,82000,3619200,,135200,0,3754400,46.9,268171,샘플,
2026-07-04,안양점,토,16,16,,29.6,12.3,0.7,140000,3867500,,165800,0,4033300,42.6,252081,샘플,
2026-07-05,안양점,일,12,12,1,26.5,10.8,3.1,54000,3573300,169600,,0,3742900,40.4,311908,샘플,
2026-07-06,안양점,월,12,12,1,24.1,11.1,2.7,52000,3328000,102900,,0,3430900,37.9,285908,샘플,
2026-07-07,안양점,화,3,3,,5.5,2.8,0.6,22000,768900,,,0,768900,8.9,256300,샘플,
2026-07-08,안양점,수,,,,,,,,,,,,0,,,샘플,
2026-07-09,안양점,목,11,11,,25.3,7.3,1.2,96000,2769500,,115000,0,2884500,33.8,262227,샘플,
2026-07-10,안양점,금,17,17,1,29.7,11.8,4.7,91000,4514500,109500,136900,0,4760900,46.2,280053,샘플,
2026-07-11,안양점,토,16,16,,28.2,14.0,2.0,103000,4775500,,136700,0,4912200,44.2,307012,샘플,
2026-07-12,안양점,일,11,11,,19.7,11.2,1.6,92000,2567200,,,0,2567200,32.5,233382,샘플,
2026-07-13,안양점,월,12,12,,26.0,8.2,1.1,59000,2804900,,,0,2804900,35.3,233742,샘플,
2026-07-14,안양점,화,9,9,1,16.1,7.4,0.3,45000,2233900,134300,,0,2368200,23.8,263133,샘플,
2026-07-15,안양점,수,8,8,,15.2,8.1,1.5,50000,2276000,,,0,2276000,24.8,284500,샘플,
2026-07-16,안양점,목,8,8,,14.0,6.3,2.2,62000,2136400,,,0,2136400,22.5,267050,샘플,
2026-07-17,안양점,금,,,,,,,,,,,,0,,,샘플,
2026-07-18,안양점,토,13,13,,26.1,10.1,3.7,91000,3231600,,71500,0,3303100,39.9,254085,샘플,
2026-07-19,안양점,일,15,15,,35.1,10.2,0.8,119000,4209000,,,0,4209000,46.1,280600,샘플,
2026-07-20,안양점,월,6,6,,11.2,5.1,0.6,51000,1743300,,109600,0,1852900,16.9,308817,샘플,
2026-07-21,안양점,화,8,8,,18.7,5.1,0.0,61000,2161300,,,0,2161300,23.8,270162,샘플,
2026-07-22,안양점,수,11,11,,23.2,11.3,0.4,84000,2701000,,,0,2701000,34.9,245545,샘플,
2026-07-23,안양점,목,7,7,,11.3,6.7,1.5,45000,1910000,,132500,0,2042500,19.5,291786,샘플,
2026-07-24,안양점,금,9,9,,20.8,6.8,1.0,41000,2428400,,122000,0,2550400,28.6,283378,샘플,
2026-07-25,안양점,토,16,16,,35.0,13.2,2.4,81000,4774500,,,0,4774500,50.6,298406,샘플,
2026-07-26,안양점,일,16,16,,28.9,12.2,2.7,66000,3924000,,124400,0,4048400,43.8,253025,샘플,
2026-07-27,안양점,월,11,11,,20.7,6.9,2.1,66000,3087800,,174500,0,3262300,29.7,296573,샘플,
2026-07-28,안양점,화,8,8,,18.3,5.0,0.9,49000,2137600,,,0,2137600,24.2,267200,샘플,
2026-07-29,안양점,수,11,11,,18.4,10.0,0.4,86000,2657400,,61900,0,2719300,28.8,247209,샘플,
2026-07-30,안양점,목,8,8,,17.4,7.9,0.5,60000,2263100,,,0,2263100,25.8,282888,샘플,
2026-07-31,안양점,금,14,14,,21.2,14.4,3.0,100000,3837500,,79600,0,3917100,38.6,279793,샘플,
2026-08-01,안양점,토,16,16,,28.4,10.0,0.8,91000,4077800,,,0,4077800,39.2,254862,샘플,
2026-08-02,안양점,일,11,11,,21.3,7.1,1.1,71000,2775200,,127600,0,2902800,29.5,263891,샘플,
2026-08-03,안양점,월,12,12,1,20.7,7.3,3.3,96000,3356500,211600,106000,0,3674100,31.3,306175,샘플,
2026-08-04,안양점,화,8,8,,13.5,7.1,0.9,54000,1845100,,,0,1845100,21.5,230638,샘플,
2026-08-05,안양점,수,9,9,,20.5,6.9,1.5,53000,2360900,,,0,2360900,28.9,262322,샘플,
2026-08-06,안양점,목,9,9,1,15.1,7.5,1.6,38000,2470900,209400,146900,0,2827200,24.2,314133,샘플,
2026-08-07,안양점,금,12,12,1,22.3,11.2,2.6,55000,2961400,197600,,0,3159000,36.1,263250,샘플,
2026-08-08,안양점,토,13,13,,28.9,13.6,0.0,67000,3505100,,137700,0,3642800,42.5,280215,샘플,
2026-08-09,안양점,일,16,16,,26.9,9.6,2.2,115000,4130200,,,0,4130200,38.7,258138,샘플,
2026-08-10,안양점,월,8,8,,12.1,7.8,0.2,52000,2384900,,79500,0,2464400,20.1,308050,샘플,
2026-08-11,안양점,화,9,9,,19.9,9.4,2.5,63000,2071400,,,0,2071400,31.8,230156,샘플,
2026-08-12,안양점,수,9,9,,13.9,7.9,0.8,73000,2320000,,,0,2320000,22.6,257778,샘플,
2026-08-13,안양점,목,9,9,1,17.2,5.9,1.8,60000,2200400,247100,177100,0,2624600,24.9,291622,샘플,
2026-08-14,안양점,금,15,15,,34.0,15.4,0.5,105000,3835900,,,0,3835900,49.9,255727,샘플,
2026-08-15,안양점,토,17,17,,37.3,10.3,0.4,146000,4045200,,,0,4045200,48.0,237953,샘플,
2026-08-16,안양점,일,14,14,,30.5,9.0,0.1,86000,3277700,,,0,3277700,39.6,234121,샘플,
2026-08-17,안양점,월,12,12,,19.9,12.9,1.6,70000,3353400,,,0,3353400,34.4,279450,샘플,
2026-08-18,안양점,화,10,10,,20.9,8.4,1.9,66000,2827300,,,0,2827300,31.2,282730,샘플,
2026-08-19,안양점,수,13,13,,25.9,10.1,3.2,58000,2991500,,,0,2991500,39.2,230115,샘플,
2026-08-20,안양점,목,8,8,,14.6,6.9,2.3,68000,1930200,,89300,0,2019500,23.8,252438,샘플,
2026-08-21,안양점,금,15,15,,29.5,14.8,2.8,92000,4130100,,,0,4130100,47.1,275340,샘플,
2026-08-22,안양점,토,18,18,1,37.0,12.3,5.1,80000,4498200,122200,,0,4620400,54.4,256689,샘플,
2026-08-23,안양점,일,13,13,,27.0,11.8,2.6,77000,3663800,,68100,0,3731900,41.4,287069,샘플,
2026-08-24,안양점,월,8,8,,12.5,5.1,1.3,36000,2244500,,,0,2244500,18.9,280562,샘플,
2026-08-25,안양점,화,5,5,,9.3,4.7,0.7,40000,1404900,,,0,1404900,14.7,280980,샘플,
2026-08-26,안양점,수,,,,,,,,,,,,0,,,샘플,
2026-08-27,안양점,목,10,10,,22.2,9.4,0.8,72000,2306800,,,0,2306800,32.4,230680,샘플,
2026-08-28,안양점,금,16,16,,33.5,11.0,0.7,110000,3788700,,70600,0,3859300,45.2,241206,샘플,
2026-08-29,안양점,토,15,15,,35.1,16.0,1.6,87000,4019200,,90100,0,4109300,52.7,273953,샘플,
2026-08-30,안양점,일,15,15,1,24.0,10.9,3.6,74000,3749500,238400,,0,3987900,38.5,265860,샘플,
2026-08-31,안양점,월,7,7,1,14.5,5.9,1.8,44000,1634700,222100,,0,1856800,22.2,265257,샘플,
